Rank,Keyword,Industry,Search Volume,CPC,Competition,Difficulty,Opportunity Score,Recommended Action
1,"AI marketing","Marketing, Advertising & Media",27100,6.78,high,74,366,"Medium priority - plan comprehensive content"
2,"AI in finance","Finance & Banking",22400,8.76,high,71,315,"Medium priority - plan comprehensive content"
3,"AI in education","Education & EdTech",19600,4.67,medium,66,297,"Medium priority - plan comprehensive content"
4,"AI in healthcare","Healthcare & Life Sciences",18100,6.45,medium,67,270,"Medium priority - plan comprehensive content"
5,"AI in retail","Retail & E-Commerce",16800,5.43,medium,68,247,"Medium priority - plan comprehensive content"
6,"AI recruiting","Human Resources & Recruiting",14800,7.89,medium,70,211,"Medium priority - plan comprehensive content"
7,"smart factory","Manufacturing & Supply Chain",14500,7.89,medium,70,207,"Medium priority - plan comprehensive content"
8,"marketing automation AI","Marketing, Advertising & Media",15600,8.45,high,76,205,"Medium priority - plan comprehensive content"
9,"smart grid","Energy & Utilities",13400,8.23,medium,72,186,"High volume - competitive but valuable"
10,"AI in logistics","Transportation & Logistics",12300,7.23,medium,69,178,"High volume - competitive but valuable"
11,"AI content creation","Marketing, Advertising & Media",11900,5.67,medium,71,168,"High volume - competitive but valuable"
12,"AI in law","Legal & Compliance",11700,9.23,medium,71,165,"High volume - competitive but valuable"
13,"fintech AI","Finance & Banking",12100,9.23,high,74,164,"High volume - competitive but valuable"
14,"ecommerce AI","Retail & E-Commerce",11200,6.78,medium,71,158,"High volume - competitive but valuable"
15,"AI tutoring","Education & EdTech",9800,6.23,medium,68,144,"Monitor and plan content"
16,"AI personalization","Retail & E-Commerce",8900,7.45,medium,69,129,"Monitor and plan content"
17,"HR AI","Human Resources & Recruiting",9300,8.45,medium,72,129,"Monitor and plan content"
18,"AI trading","Finance & Banking",9800,11.45,high,77,127,"Monitor and plan content"
19,"AI in manufacturing","Manufacturing & Supply Chain",9200,8.45,medium,73,126,"Monitor and plan content"
20,"healthcare artificial intelligence","Healthcare & Life Sciences",8900,7.12,medium,72,124,"Monitor and plan content"