Keyword,Volume,Content Title,Content Type,Target URL,Meta Description,H1 Suggestion,Internal Links,Competition Analysis
"ChatGPT",55600000,"ChatGPT - Complete Guide 2024","Pillar Page","/tools/chatgpt","Discover the best chatgpt with our comprehensive guide. Compare features, pricing, and reviews.","Best ChatGPT - Complete Guide & Reviews","Tools page, Related categories, Comparison pages","Low competition - quick wins possible"
"Copilot",1500000,"Copilot - Complete Guide 2024","Pillar Page","/tools/copilot","Discover the best copilot with our comprehensive guide. Compare features, pricing, and reviews.","Best Copilot - Complete Guide & Reviews","Tools page, Related categories, Comparison pages","Low competition - quick wins possible"
"Gemini AI",1000000,"Gemini AI - Complete Guide 2024","Pillar Page","/tools/gemini-ai","Discover the best gemini ai with our comprehensive guide. Compare features, pricing, and reviews.","Best Gemini AI - Complete Guide & Reviews","Tools page, Related categories, Comparison pages","Medium-high competition - need comprehensive content"
"AI image generator",1000000,"AI image generator - Complete Guide 2024","Pillar Page","/tools/ai-image-generator","Discover the best ai image generator with our comprehensive guide. Compare features, pricing, and reviews.","Best AI image generator - Complete Guide & Reviews","Tools page, Related categories, Comparison pages","Medium-high competition - need comprehensive content"
"Claude AI",673000,"Claude AI - Complete Guide 2024","Pillar Page","/tools/claude-ai","Discover the best claude ai with our comprehensive guide. Compare features, pricing, and reviews.","Best Claude AI - Complete Guide & Reviews","Tools page, Related categories, Comparison pages","Low competition - quick wins possible"
"Perplexity AI",368000,"Perplexity AI - Complete Guide 2024","Pillar Page","/tools/perplexity-ai","Discover the best perplexity ai with our comprehensive guide. Compare features, pricing, and reviews.","Best Perplexity AI - Complete Guide & Reviews","Tools page, Related categories, Comparison pages","Low competition - quick wins possible"
"Midjourney",301000,"Midjourney - Complete Guide 2024","Pillar Page","/tools/midjourney","Discover the best midjourney with our comprehensive guide. Compare features, pricing, and reviews.","Best Midjourney - Complete Guide & Reviews","Tools page, Related categories, Comparison pages","Low competition - quick wins possible"
"AI video generator",165000,"AI video generator - Complete Guide 2024","Pillar Page","/tools/ai-video-generator","Discover the best ai video generator with our comprehensive guide. Compare features, pricing, and reviews.","Best AI video generator - Complete Guide & Reviews","Tools page, Related categories, Comparison pages","Medium-high competition - need comprehensive content"
"ChatGPT alternatives",110000,"ChatGPT alternatives - Complete Guide 2024","Pillar Page","/tools/chatgpt-alternatives","Discover the best chatgpt alternatives with our comprehensive guide. Compare features, pricing, and reviews.","Best ChatGPT alternatives - Complete Guide & Reviews","Tools page, Related categories, Comparison pages","Medium-high competition - need comprehensive content"
"DALL-E",90500,"DALL-E - Complete Guide 2024","Pillar Page","/tools/dall-e","Discover the best dall-e with our comprehensive guide. Compare features, pricing, and reviews.","Best DALL-E - Complete Guide & Reviews","Tools page, Related categories, Comparison pages","Medium-high competition - need comprehensive content"
"Stable Diffusion",90500,"Stable Diffusion - Complete Guide 2024","Pillar Page","/tools/stable-diffusion","Discover the best stable diffusion with our comprehensive guide. Compare features, pricing, and reviews.","Best Stable Diffusion - Complete Guide & Reviews","Tools page, Related categories, Comparison pages","Medium-high competition - need comprehensive content"
"AI voice generator",90500,"AI voice generator - Complete Guide 2024","Pillar Page","/tools/ai-voice-generator","Discover the best ai voice generator with our comprehensive guide. Compare features, pricing, and reviews.","Best AI voice generator - Complete Guide & Reviews","Tools page, Related categories, Comparison pages","Medium-high competition - need comprehensive content"
"GPT-4",74000,"GPT-4 - Complete Guide 2024","Pillar Page","/tools/gpt-4","Discover the best gpt-4 with our comprehensive guide. Compare features, pricing, and reviews.","Best GPT-4 - Complete Guide & Reviews","Tools page, Related categories, Comparison pages","Low competition - quick wins possible"
"AI tools",40500,"AI tools - Complete Guide 2024","Pillar Page","/tools/ai-tools","Discover the best ai tools with our comprehensive guide. Compare features, pricing, and reviews.","Best AI tools - Complete Guide & Reviews","Tools page, Related categories, Comparison pages","Medium-high competition - need comprehensive content"
"artificial intelligence tools",40500,"artificial intelligence tools - Complete Guide 2024","Pillar Page","/tools/artificial-intelligence-tools","Discover the best artificial intelligence tools with our comprehensive guide. Compare features, pricing, and reviews.","Best artificial intelligence tools - Complete Guide & Reviews","Tools page, Related categories, Comparison pages","Medium-high competition - need comprehensive content"
"Runway ML",33100,"Runway ML - Complete Guide 2024","Pillar Page","/tools/runway-ml","Discover the best runway ml with our comprehensive guide. Compare features, pricing, and reviews.","Best Runway ML - Complete Guide & Reviews","Tools page, Related categories, Comparison pages","Medium-high competition - need comprehensive content"
"AI writing tools",27100,"AI writing tools - Complete Guide 2024","Pillar Page","/tools/ai-writing-tools","Discover the best ai writing tools with our comprehensive guide. Compare features, pricing, and reviews.","Best AI writing tools - Complete Guide & Reviews","Tools page, Related categories, Comparison pages","Medium-high competition - need comprehensive content"
"AI software",9900,"AI software - Complete Guide 2024","Pillar Page","/tools/ai-software","Discover the best ai software with our comprehensive guide. Compare features, pricing, and reviews.","Best AI software - Complete Guide & Reviews","Tools page, Related categories, Comparison pages","Medium-high competition - need comprehensive content"
"AI platforms",8100,"AI platforms - Complete Guide 2024","Pillar Page","/tools/ai-platforms","Discover the best ai platforms with our comprehensive guide. Compare features, pricing, and reviews.","Best AI platforms - Complete Guide & Reviews","Tools page, Related categories, Comparison pages","Medium-high competition - need comprehensive content"
"AI for business",8100,"AI for business - Complete Guide 2024","Pillar Page","/tools/ai-for-business","Discover the best ai for business with our comprehensive guide. Compare features, pricing, and reviews.","Best AI for business - Complete Guide & Reviews","Tools page, Related categories, Comparison pages","Medium-high competition - need comprehensive content"
"best AI tools",6600,"best AI tools - Complete Guide 2024","Pillar Page","/tools/best-ai-tools","Discover the best best ai tools with our comprehensive guide. Compare features, pricing, and reviews.","Best best AI tools - Complete Guide & Reviews","Tools page, Related categories, Comparison pages","Medium-high competition - need comprehensive content"
"free AI tools",6600,"free AI tools - Complete Guide 2024","Pillar Page","/tools/free-ai-tools","Discover the best free ai tools with our comprehensive guide. Compare features, pricing, and reviews.","Best free AI tools - Complete Guide & Reviews","Tools page, Related categories, Comparison pages","Medium-high competition - need comprehensive content"
"AI customer service",6600,"AI customer service - Complete Guide 2024","Pillar Page","/tools/ai-customer-service","Discover the best ai customer service with our comprehensive guide. Compare features, pricing, and reviews.","Best AI customer service - Complete Guide & Reviews","Tools page, Related categories, Comparison pages","Medium-high competition - need comprehensive content"
"AI code generator",5400,"AI code generator - Complete Guide 2024","Pillar Page","/tools/ai-code-generator","Discover the best ai code generator with our comprehensive guide. Compare features, pricing, and reviews.","Best AI code generator - Complete Guide & Reviews","Tools page, Related categories, Comparison pages","Medium-high competition - need comprehensive content"
"ChatGPT vs Gemini",4400,"ChatGPT vs Gemini - Detailed Comparison 2024","Comparison Page","/compare/chatgpt-vs-gemini","Discover the best chatgpt vs gemini with our comprehensive guide. Compare features, pricing, and reviews.","ChatGPT vs Gemini - Which is Better?","Tools page, Related categories, Comparison pages","Low competition - quick wins possible"
"AI marketing tools",4400,"AI marketing tools - Complete Guide 2024","Pillar Page","/tools/ai-marketing-tools","Discover the best ai marketing tools with our comprehensive guide. Compare features, pricing, and reviews.","Best AI marketing tools - Complete Guide & Reviews","Tools page, Related categories, Comparison pages","Medium-high competition - need comprehensive content"
"AI for marketing",4400,"AI for marketing - Complete Guide 2024","Pillar Page","/tools/ai-for-marketing","Discover the best ai for marketing with our comprehensive guide. Compare features, pricing, and reviews.","Best AI for marketing - Complete Guide & Reviews","Tools page, Related categories, Comparison pages","Medium-high competition - need comprehensive content"
"AI SEO tools",2900,"AI SEO tools - Complete Guide 2024","Pillar Page","/tools/ai-seo-tools","Discover the best ai seo tools with our comprehensive guide. Compare features, pricing, and reviews.","Best AI SEO tools - Complete Guide & Reviews","Tools page, Related categories, Comparison pages","Low competition - quick wins possible"
"AI for developers",2900,"AI for developers - Complete Guide 2024","Pillar Page","/tools/ai-for-developers","Discover the best ai for developers with our comprehensive guide. Compare features, pricing, and reviews.","Best AI for developers - Complete Guide & Reviews","Tools page, Related categories, Comparison pages","Medium-high competition - need comprehensive content"
"AI applications",2400,"AI applications - Complete Guide 2024","Pillar Page","/tools/ai-applications","Discover the best ai applications with our comprehensive guide. Compare features, pricing, and reviews.","Best AI applications - Complete Guide & Reviews","Tools page, Related categories, Comparison pages","Medium-high competition - need comprehensive content"
"ChatGPT vs Claude",2400,"ChatGPT vs Claude - Detailed Comparison 2024","Comparison Page","/compare/chatgpt-vs-claude","Discover the best chatgpt vs claude with our comprehensive guide. Compare features, pricing, and reviews.","ChatGPT vs Claude - Which is Better?","Tools page, Related categories, Comparison pages","Low competition - quick wins possible"
"ChatGPT vs Copilot",2400,"ChatGPT vs Copilot - Detailed Comparison 2024","Comparison Page","/compare/chatgpt-vs-copilot","Discover the best chatgpt vs copilot with our comprehensive guide. Compare features, pricing, and reviews.","ChatGPT vs Copilot - Which is Better?","Tools page, Related categories, Comparison pages","Low competition - quick wins possible"
"top AI tools",1900,"top AI tools - Complete Guide 2024","Pillar Page","/tools/top-ai-tools","Discover the best top ai tools with our comprehensive guide. Compare features, pricing, and reviews.","Best top AI tools - Complete Guide & Reviews","Tools page, Related categories, Comparison pages","Medium-high competition - need comprehensive content"
"AI for content creation",1900,"AI for content creation - Complete Guide 2024","Pillar Page","/tools/ai-for-content-creation","Discover the best ai for content creation with our comprehensive guide. Compare features, pricing, and reviews.","Best AI for content creation - Complete Guide & Reviews","Tools page, Related categories, Comparison pages","Low competition - quick wins possible"
"best ChatGPT alternative",1600,"best ChatGPT alternative - Complete Guide 2024","Pillar Page","/tools/best-chatgpt-alternative","Discover the best best chatgpt alternative with our comprehensive guide. Compare features, pricing, and reviews.","Best best ChatGPT alternative - Complete Guide & Reviews","Tools page, Related categories, Comparison pages","Medium-high competition - need comprehensive content"
"AI chatbot tools",1600,"AI chatbot tools - Complete Guide 2024","Pillar Page","/tools/ai-chatbot-tools","Discover the best ai chatbot tools with our comprehensive guide. Compare features, pricing, and reviews.","Best AI chatbot tools - Complete Guide & Reviews","Tools page, Related categories, Comparison pages","Medium-high competition - need comprehensive content"
"AI sales tools",1600,"AI sales tools - Complete Guide 2024","Pillar Page","/tools/ai-sales-tools","Discover the best ai sales tools with our comprehensive guide. Compare features, pricing, and reviews.","Best AI sales tools - Complete Guide & Reviews","Tools page, Related categories, Comparison pages","Medium-high competition - need comprehensive content"
"AI design tools",1300,"AI design tools - Complete Guide 2024","Pillar Page","/tools/ai-design-tools","Discover the best ai design tools with our comprehensive guide. Compare features, pricing, and reviews.","Best AI design tools - Complete Guide & Reviews","Tools page, Related categories, Comparison pages","Medium-high competition - need comprehensive content"
"machine learning tools",880,"machine learning tools - Complete Guide 2024","Pillar Page","/tools/machine-learning-tools","Discover the best machine learning tools with our comprehensive guide. Compare features, pricing, and reviews.","Best machine learning tools - Complete Guide & Reviews","Tools page, Related categories, Comparison pages","Low competition - quick wins possible"
"AI automation tools",880,"AI automation tools - Complete Guide 2024","Pillar Page","/tools/ai-automation-tools","Discover the best ai automation tools with our comprehensive guide. Compare features, pricing, and reviews.","Best AI automation tools - Complete Guide & Reviews","Tools page, Related categories, Comparison pages","Low competition - quick wins possible"
"AI productivity tools",880,"AI productivity tools - Complete Guide 2024","Pillar Page","/tools/ai-productivity-tools","Discover the best ai productivity tools with our comprehensive guide. Compare features, pricing, and reviews.","Best AI productivity tools - Complete Guide & Reviews","Tools page, Related categories, Comparison pages","Low competition - quick wins possible"
"AI for designers",880,"AI for designers - Complete Guide 2024","Pillar Page","/tools/ai-for-designers","Discover the best ai for designers with our comprehensive guide. Compare features, pricing, and reviews.","Best AI for designers - Complete Guide & Reviews","Tools page, Related categories, Comparison pages","Medium-high competition - need comprehensive content"
"AI tools for small business",720,"AI tools for small business - Complete Guide 2024","Pillar Page","/tools/ai-tools-for-small-business","Discover the best ai tools for small business with our comprehensive guide. Compare features, pricing, and reviews.","Best AI tools for small business - Complete Guide & Reviews","Tools page, Related categories, Comparison pages","Low competition - quick wins possible"
"Claude vs Gemini",590,"Claude vs Gemini - Detailed Comparison 2024","Comparison Page","/compare/claude-vs-gemini","Discover the best claude vs gemini with our comprehensive guide. Compare features, pricing, and reviews.","Claude vs Gemini - Which is Better?","Tools page, Related categories, Comparison pages","Low competition - quick wins possible"
"what are AI tools",480,"what are AI tools - Complete Guide 2024","Pillar Page","/tools/what-are-ai-tools","Discover the best what are ai tools with our comprehensive guide. Compare features, pricing, and reviews.","Best what are AI tools - Complete Guide & Reviews","Tools page, Related categories, Comparison pages","Low competition - quick wins possible"
"AI tool comparison",390,"AI tool comparison - Complete Guide 2024","Pillar Page","/tools/ai-tool-comparison","Discover the best ai tool comparison with our comprehensive guide. Compare features, pricing, and reviews.","Best AI tool comparison - Complete Guide & Reviews","Tools page, Related categories, Comparison pages","Low competition - quick wins possible"
"AI data analysis tools",260,"AI data analysis tools - Complete Guide 2024","Pillar Page","/tools/ai-data-analysis-tools","Discover the best ai data analysis tools with our comprehensive guide. Compare features, pricing, and reviews.","Best AI data analysis tools - Complete Guide & Reviews","Tools page, Related categories, Comparison pages","Low competition - quick wins possible"
"enterprise AI tools",210,"enterprise AI tools - Complete Guide 2024","Pillar Page","/tools/enterprise-ai-tools","Discover the best enterprise ai tools with our comprehensive guide. Compare features, pricing, and reviews.","Best enterprise AI tools - Complete Guide & Reviews","Tools page, Related categories, Comparison pages","Medium-high competition - need comprehensive content"
"AI analytics tools",210,"AI analytics tools - Complete Guide 2024","Pillar Page","/tools/ai-analytics-tools","Discover the best ai analytics tools with our comprehensive guide. Compare features, pricing, and reviews.","Best AI analytics tools - Complete Guide & Reviews","Tools page, Related categories, Comparison pages","Low competition - quick wins possible"
"how to use AI tools",170,"how to use AI tools - Complete Guide 2024","Pillar Page","/tools/how-to-use-ai-tools","Discover the best how to use ai tools with our comprehensive guide. Compare features, pricing, and reviews.","Best how to use AI tools - Complete Guide & Reviews","Tools page, Related categories, Comparison pages","Medium-high competition - need comprehensive content"