Keyword,Monthly Volume,Competition,Competition Index,CPC,Low Bid,High Bid,Category,Priority Level,Opportunity Score,Action Recommended
"ChatGPT",55600000,"LOW",28,0.11,0.04,0.43,"specificTools","Critical",1985714,"Immediate Action Required"
"Copilot",1500000,"LOW",18,0.51,0.13,1.53,"specificTools","Critical",83333,"Immediate Action Required"
"Gemini AI",1000000,"LOW",31,0.21,0.02,1.37,"specificTools","High",32258,"Priority Target"
"AI image generator",1000000,"MEDIUM",44,1.23,0.41,1.24,"categories","High",22727,"Priority Target"
"Claude AI",673000,"LOW",26,3.53,0.77,3.32,"specificTools","High",25885,"Priority Target"
"Perplexity AI",368000,"LOW",5,3.28,0.83,4.10,"specificTools","Medium",73600,"Plan Content"
"Midjourney",301000,"LOW",21,1.10,0.51,2.08,"specificTools","Medium",14333,"Plan Content"
"AI video generator",165000,"MEDIUM",44,3.00,0.63,3.31,"categories","Medium",3750,"Plan Content"
"ChatGPT alternatives",110000,"MEDIUM",48,3.75,1.17,4.35,"comparisons","Medium",2292,"Plan Content"
"DALL-E",90500,"MEDIUM",42,1.55,0.30,1.66,"specificTools","Low",2155,"Monitor"
"Stable Diffusion",90500,"MEDIUM",39,2.04,0.56,2.39,"specificTools","Low",2321,"Monitor"
"AI voice generator",90500,"MEDIUM",41,2.95,0.50,3.30,"categories","Low",2207,"Monitor"
"GPT-4",74000,"LOW",24,1.56,0.20,2.39,"specificTools","Medium",3083,"Quick Win Opportunity"
"AI tools",40500,"MEDIUM",56,5.75,2.09,9.57,"coreAITools","Low",723,"Monitor"
"artificial intelligence tools",40500,"MEDIUM",56,5.75,2.09,9.57,"coreAITools","Low",723,"Monitor"
"Runway ML",33100,"MEDIUM",45,3.90,0.76,3.65,"specificTools","Low",736,"Monitor"
"AI writing tools",27100,"MEDIUM",44,4.11,0.97,4.75,"categories","Low",616,"Monitor"
"AI software",9900,"MEDIUM",56,12.20,3.40,12.42,"coreAITools","Low",177,"Monitor"
"AI platforms",8100,"MEDIUM",56,9.13,2.63,12.98,"coreAITools","Low",145,"Monitor"
"AI for business",8100,"MEDIUM",43,23.48,7.59,30.64,"business","Low",188,"Monitor"
"best AI tools",6600,"MEDIUM",61,16.59,2.77,20.70,"coreAITools","Low",108,"Monitor"
"free AI tools",6600,"MEDIUM",65,4.23,1.20,5.14,"coreAITools","Low",102,"Monitor"
"AI customer service",6600,"LOW",33,56.39,19.52,49.27,"business","Low",200,"Monitor"
"AI code generator",5400,"MEDIUM",42,8.27,2.40,8.91,"categories","Low",129,"Monitor"
"ChatGPT vs Gemini",4400,"LOW",1,0.61,0.01,2.36,"comparisons","Low",4400,"Monitor"
"AI marketing tools",4400,"LOW",30,29.90,9.85,33.93,"categories","Low",147,"Monitor"
"AI for marketing",4400,"MEDIUM",40,24.56,8.30,25.52,"business","Low",110,"Monitor"
"AI SEO tools",2900,"LOW",15,27.84,7.48,27.99,"categories","Low",193,"Monitor"
"AI for developers",2900,"MEDIUM",46,45.24,5.69,40.05,"business","Low",63,"Monitor"
"AI applications",2400,"MEDIUM",43,6.47,2.51,10.18,"coreAITools","Low",56,"Monitor"
"ChatGPT vs Claude",2400,"LOW",2,1.12,0.06,4.51,"comparisons","Low",1200,"Monitor"
"ChatGPT vs Copilot",2400,"LOW",8,40.85,4.64,64.47,"comparisons","Low",300,"Monitor"
"top AI tools",1900,"MEDIUM",39,7.52,2.25,8.23,"coreAITools","Low",49,"Monitor"
"AI for content creation",1900,"LOW",26,10.86,2.73,12.68,"business","Low",73,"Monitor"
"best ChatGPT alternative",1600,"MEDIUM",53,5.17,1.46,5.07,"comparisons","Low",30,"Monitor"
"AI chatbot tools",1600,"MEDIUM",41,17.47,2.90,15.46,"categories","Low",39,"Monitor"
"AI sales tools",1600,"MEDIUM",37,42.83,14.16,41.01,"business","Low",43,"Monitor"
"AI design tools",1300,"LOW",31,5.48,1.80,5.42,"categories","Low",42,"Monitor"
"machine learning tools",880,"LOW",13,21.41,3.18,12.44,"coreAITools","Low",68,"Monitor"
"AI automation tools",880,"LOW",26,24.36,7.96,26.92,"categories","Low",34,"Monitor"
"AI productivity tools",880,"LOW",28,17.83,4.52,20.91,"categories","Low",31,"Monitor"
"AI for designers",880,"MEDIUM",56,5.08,1.23,5.11,"business","Low",16,"Monitor"
"AI tools for small business",720,"LOW",29,20.75,8.75,18.43,"longTail","Low",25,"Monitor"
"Claude vs Gemini",590,"LOW",0,0.03,0.01,10.52,"comparisons","Low",590,"Monitor"
"what are AI tools",480,"LOW",29,4.41,1.33,5.30,"longTail","Low",17,"Monitor"
"AI tool comparison",390,"LOW",15,11.76,3.84,12.35,"comparisons","Low",26,"Monitor"
"AI data analysis tools",260,"LOW",24,19.87,7.55,28.07,"categories","Low",11,"Monitor"
"enterprise AI tools",210,"LOW",32,27.17,10.00,26.66,"business","Low",7,"Monitor"
"AI analytics tools",210,"LOW",27,30.73,8.45,30.97,"business","Low",8,"Monitor"
"how to use AI tools",170,"MEDIUM",55,15.31,2.00,12.26,"longTail","Low",3,"Monitor"
"Midjourney vs DALL-E",110,"LOW",0,0.00,0.00,0.00,"comparisons","Low",110,"Monitor"
"AI tools for beginners",110,"LOW",4,5.65,2.19,6.37,"longTail","Low",28,"Monitor"
"AI tools review",90,"LOW",10,5.52,2.62,9.49,"longTail","Low",9,"Monitor"
"AI tools 2024",50,"LOW",11,0.00,3.44,13.63,"coreAITools","Low",5,"Monitor"
"GPT-4 vs Claude",30,"LOW",0,0.00,0.00,0.00,"comparisons","Low",30,"Monitor"
"AI tools tutorial",30,"MEDIUM",34,6.00,2.75,6.78,"longTail","Low",1,"Monitor"
"business automation AI",20,"LOW",6,35.45,0.00,0.00,"business","Low",3,"Monitor"
"Claude alternatives",0,"N/A",0,0.00,0.00,0.00,"comparisons","Low",0,"Monitor"
"AI tools pricing",0,"N/A",0,0.00,0.00,0.00,"longTail","Low",0,"Monitor"
"AI tools features",0,"N/A",0,0.00,0.00,0.00,"longTail","Low",0,"Monitor"
"AI tools comparison 2024",0,"N/A",0,0.00,0.00,0.00,"longTail","Low",0,"Monitor"
"free vs paid AI tools",0,"N/A",0,0.00,0.00,0.00,"longTail","Low",0,"Monitor"